query,positive,negative
me duele la cabeza,ESPIDIFEN 600 MG GRANULADO PARA SOLUCION ORAL SABOR COLA-LIMON,LEVITRA 10 mg COMPRIMIDOS RECUBIERTOS CON PELICULA
me duele la cabeza,DESENFRIOL C GRANULADO EFERVESCENTE,ZEJULA 100 MG COMPRIMIDOS RECUBIERTOS CON PELICULA
me duele la cabeza,GELOCATIL 650 mg COMPRIMIDOS,"PRITORPLUS 40 mg/12,5 mg COMPRIMIDOS"
me duele la cabeza,ASPIRINA C 400 mg/240 mg COMPRIMIDOS EFERVESCENTES,CASPOFUNGINA SANDOZ FARMACÉUTICA 70 mg POLVO PARA CONCENTRADO PARA SOLUCION PARA PERFUSION EFG
me duele la cabeza,ACTRON COMPUESTO 267 MG/133 MG/40 MG COMPRIMIDOS EFERVESCENTES,"PLUSVENT 25 microgramos/50 microgramos/inhalación, suspensión para inhalación envase a presión"
me duele la cabeza,ACTRON COMPUESTO 267 MG/133 MG/40 MG COMPRIMIDOS EFERVESCENTES,LINITUL CICATRIZANTE POMADA
tengo cefalea,IBUPROFENO SANDOZ 600 mg COMPRIMIDOS RECUBIERTOS CON PELICULA EFG,"CANDESARTAN/HIDROCLOROTIAZIDA SANDOZ 32 MG/12,5MG COMPRIMIDOS EFG"
tengo cefalea,NOVIDOL 50 MG/ML SOLUCION PARA PULVERIZACION CUTANEA,COSOPT PF 20 MG/ML + 5 MG/ML COLIRIO EN SOLUCION
tengo cefalea,DOCTRIL FORTE 400 MG COMPRMIDOS RECUBIERTOS CON PELICULA,GEMCITABINA HOSPIRA 200 mg CONCENTRADO PARA SOLUCION PARA PERFUSION
tengo cefalea,PARACETAMOL STADAPHARM 500 MG COMPRIMIDOS EFG,DIFLUCAN 200 mg CAPSULAS DURAS
tengo cefalea,GELOCATIL 1 g SOLUCION ORAL,REFIXIA 1000 UI POLVO Y DISOLVENTE PARA SOLUCION INYECTABLE
dolor en la sien,DIFENATIL 650 MG COMPRIMIDOS,BUCOMAX PASTILLAS PARA CHUPAR SABOR MENTA
dolor en la sien,IBUFÉN XPRESS 400 MG GRANULADO PARA SOLUCIÓN ORAL,QUETIAPINA NORMON 300 MG COMPRIMIDOS DE LIBERACION PROLONGADA EFG
dolor en la sien,IBUFEN INFANTIL 20 MG/ML SUSPENSION ORAL,BOSUTINIB DR. REDDYS 400 MG COMPRIMIDOS RECUBIERTOS CON PELICULA EFG
dolor en la sien,"PAZITAL 37,5 mg/325 mg COMPRIMIDOS RECUBIERTOS CON PELICULA",RANOLAZINA NORMON 750 MG COMPRIMIDOS DE LIBERACION PROLONGADA EFG
dolor en la sien,VINCIGRIP CAPSULAS DURAS,BUPRENORFINA SANDOZ 35 MICROGRAMOS/HORA PARCHE TRANSDERMICO EFG
me late la cabeza,IBUPROFENO (ARGININA) NORMON 600 mg GRANULADO PARA SOLUCION ORAL EFG,"GASTROFRENAL 100 mg, CAPSULAS DURAS"
me late la cabeza,NOVIDOL 50 MG/ML SOLUCION PARA PULVERIZACION CUTANEA,DEFLAZACORT STADA 30 mg COMPRIMIDOS EFG
me late la cabeza,"ZALDIAR 37,5 mg/325 mg COMPRIMIDOS RECUBIERTOS CON PELICULA",FLUTIFORM 250 MICROGRAMOS / 10 MICROGRAMOS/ INHALACION SUSPENSION PARA INHALACION EN ENVASE A PRESION
me late la cabeza,ASPIRINA COMPLEX GRANULADO EFERVESCENTE,DEFLAZACORT CINFA 30 mg COMPRIMIDOS EFG
me late la cabeza,PARACETAMOL NORMON 650 mg COMPRIMIDOS EFG,"ENANDOL 12,5 mg COMPRIMIDOS RECUBIERTOS CON PELICULA"
tengo fiebre,"PAZITAL 37,5 mg/325 mg COMPRIMIDOS RECUBIERTOS CON PELICULA",ETORICOXIB VISO FARMACEUTICA 60 MG COMPRIMIDOS RECUBIERTOS CON PELICULA EFG
tengo fiebre,SERACTIL 400 mg COMPRIMIDOS RECUBIERTOS CON PELICULA,VIPIDIA 25 MG COMPRIMIDOS RECUBIERTOS CON PELICULA
tengo fiebre,"PAXIFLAS 37,5 MG/325 MG COMPRIMIDOS BUCODISPERSABLES EFG",ADISOCOL 300 MG COMPRIMIDOS EFG
tengo fiebre,IBUFEN 400 mg COMPRIMIDOS RECUBIERTOS CON PELICULA,CITICOLINA TECNIGEN 1000 MG SOLUCION ORAL EFG
tengo fiebre,NOVIDOL 50 mg/g GEL,"IMETH 7,5 MG/0,3 ML SOLUCION INYECTABLE EN JERINGA PRECARGADA"
estoy ardiendo,TERMALGIN RESFRIADO 500 MG/30 MG POLVO PARA SOLUCION ORAL,FESOTERODINA STADA 8 MG COMPRIMIDOS DE LIBERACION PROLONGADA EFG
estoy ardiendo,ESPIDIDOL 400 mg COMPRIMIDOS RECUBIERTOS,CINFAMUCOL ACETILCISTEÍNA FORTE 600 MG COMPRIMIDOS EFERVESCENTES
estoy ardiendo,ESPIDIDOL 400 mg GRANULADO PARA SOLUCION ORAL SABOR MENTA,LORATADINA STADA 10 mg COMPRIMIDOS RECUBIERTOS CON PELICULA EFG
estoy ardiendo,NORMOGRIP ANTITUSIVO JUNIOR GRANULADO PARA SOLUCION ORAL,OLANZAPINA CINFA 7.5 MG CAPSULAS DURAS EFG
estoy ardiendo,"TRAMADOL/PARACETAMOL VIATRIS 37,5 MG/325 MG COMPRIMIDOS RECUBIERTOS CON PELÍCULA EFG",XEOMIN 50 UNIDADES POLVO PARA SOLUCION INYECTABLE
temperatura alta,ANTIDOL 500 mg COMPRIMIDOS RECUBIERTOS,BISOPROLOL STADA 5 MG COMPRIMIDOS EFG
temperatura alta,PARACETAMOL NORMON 500 mg COMPRIMIDOS EFG,"ZOLADEX 3,6 mg IMPLANTE EN JERINGA PRECARGADA"
temperatura alta,GELOPROFEN 400 MG COMPRIMIDOS RECUBIERTOS CON PELICULA,IBIS 20 mg COMPRIMIDOS
temperatura alta,PARACETAMOL SANDOZ CARE 1 G COMPRIMIDOS EFG,IRESSA 250 mg COMPRIMIDOS RECUBIERTOS CON PELICULA
temperatura alta,TERMALDINA CODEINA 300 mg/ 15 mg CAPSULAS,NEMEA 200 MG COMPRIMIDOS BUCODISPERSABLES
me siento muy caliente,"ZALDIAR 37,5 mg/325 mg COMPRIMIDOS RECUBIERTOS CON PELICULA",LENALIDOMIDA SANDOZ 25 MG CAPSULAS DURAS EFG
me siento muy caliente,GRIPALNORM GRANULADO PARA SOLUCION ORAL,RISEDRONATO SANDOZ 75 mg COMPRIMIDOS RECUBIERTOS CON PELICULA EFG
me siento muy caliente,GELOCATIL 500 mg GRANULADO,COLIRCUSI ANTIEDEMA 50 MG/ML COLIRIO EN SOLUCIÓN
me siento muy caliente,VINCIGRIP CAPSULAS DURAS,ROSUVASTATINA/EZETIMIBA NORMON 20 MG/10 MG COMPRIMIDOS RECUBIERTOS CON PELÍCULA EFG
me siento muy caliente,SALDEVA FORTE COMPRIMIDOS,LABILENO 25 mg COMPRIMIDOS MASTICABLES/DISPERSABLES
me duele la garganta,DILIBAN 75 mg/650 mg COMPRIMIDOS,BILASTINA STADAPHARM 20 MG COMPRIMIDOS EFG
me duele la garganta,PARACETAMOL NORMON 650 mg COMPRIMIDOS EFG,NOVIDOL 50 MG/ML SOLUCION PARA PULVERIZACION CUTANEA
me duele la garganta,FRENADOL FORTE GRANULADO PARA SOLUCION ORAL,TOPIRAMATO STADA 50 mg COMPRIMIDOS RECUBIERTOS CON PELICULA EFG
me duele la garganta,GELOCATIL 500 mg GRANULADO,OLMESARTAN/AMLODIPINO STADA 40 MG/5 MG COMPRIMIDOS RECUBIERTOS CON PELICULA EFG
me duele la garganta,"PAXIFLAS 37,5 MG/325 MG COMPRIMIDOS BUCODISPERSABLES EFG",LINITUL CICATRIZANTE POMADA
irritación en la garganta,"TRAMADOL/PARACETAMOL NORMON 37,5 mg/ 325 mg COMPRIMIDOS RECUBIERTOS CON PELICULA EFG",MEMANTINA FLAS NORMON 20 MG COMPRIMIDOS BUCODISPERSABLES EFG
irritación en la garganta,PARACETAMOL STADA 1 g COMPRIMIDOS EFG,HELIXATE NEXGEN 250 UI POLVO Y DISOLVENTE PARA SOLUCION INYECTABLE
irritación en la garganta,"TRAMADOL/PARACETAMOL STADA 37,5 mg / 325 mg COMPRIMIDOS RECUBIERTOS CON PELICULA EFG","LOSARTAN NORMON 12,5 mg INICIO COMPRIMIDOS RECUBIERTOS CON PELICULA EFG"
irritación en la garganta,"PAZITAL 37,5 mg/325 mg COMPRIMIDOS RECUBIERTOS CON PELICULA",ATORVASTATINA STADA 10 MG COMPRIMIDOS RECUBIERTOS CON PELICULA EFG
irritación en la garganta,"TRAMADOL/PARACETAMOL VIATRIS 37,5 MG/325 MG COMPRIMIDOS RECUBIERTOS CON PELÍCULA EFG",CELESTONE CRONODOSE SUSPENSION INYECTABLE
garganta inflamada,NORMOGRIP ANTITUSIVO GRANULADO PARA SOLUCION ORAL,PRALUENT 150 MG SOLUCION INYECTABLE EN PLUMA PRECARGADA
garganta inflamada,FRENADOL DESCONGESTIVO CAPSULAS DURAS,ZONISAMIDA NORMON 100 MG CAPSULAS DURAS EFG
garganta inflamada,DESENFRIOL C GRANULADO EFERVESCENTE,OCULOTECT 50 mg/ml COLIRIO EN SOLUCION
garganta inflamada,"TRAMADOL/PARACETAMOL STADA 37,5 MG/325 MG COMPRIMIDOS EFERVESCENTES EFG","OPTIALERG 5 MG/ML + 0,25 MG/ML COLIRIO EN SOLUCION"
garganta inflamada,TERMALGIN 500 mg COMPRIMIDOS,PAMIDRONATO HOSPIRA 3 mg/ml CONCENTRADO PARA SOLUCION PARA PERFUSION
me duele la garganta,NORMOGRIP ANTITUSIVO GRANULADO PARA SOLUCION ORAL,PRALUENT 150 MG SOLUCION INYECTABLE EN PLUMA PRECARGADA
me duele la garganta,FRENADOL DESCONGESTIVO CAPSULAS DURAS,ZONISAMIDA NORMON 100 MG CAPSULAS DURAS EFG
me duele la garganta,DESENFRIOL C GRANULADO EFERVESCENTE,OCULOTECT 50 mg/ml COLIRIO EN SOLUCION
me duele la garganta,"TRAMADOL/PARACETAMOL STADA 37,5 MG/325 MG COMPRIMIDOS EFERVESCENTES EFG","OPTIALERG 5 MG/ML + 0,25 MG/ML COLIRIO EN SOLUCION"
me duele la garganta,TERMALGIN 500 mg COMPRIMIDOS,PAMIDRONATO HOSPIRA 3 mg/ml CONCENTRADO PARA SOLUCION PARA PERFUSION
me duele la garganta,TERMALGIN 500 mg COMPRIMIDOS,PAMIDRONATO HOSPIRA 3 mg/ml CONCENTRADO PARA SOLUCION PARA PERFUSION
molestia al tragar,GELOCATIL 1 g COMPRIMIDOS,SIMVASTATINA CINFAMED 10 MG COMPRIMIDOS RECUBIERTOS CON PELICULA EFG
molestia al tragar,GELOCATIL 650 mg SOLUCION ORAL,DESVENLAFAXINA NORMON 100 MG COMPRIMIDOS DE LIBERACIÓN PROLONGADA EFG
molestia al tragar,GELOCATIL 500 mg GRANULADO,ZONISAMIDA SANDOZ 25 MG CAPSULAS DURAS EFG
molestia al tragar,CINFATOS COMPLEX suspensión oral,TOPIRAMATO TECNIGEN 50 mg COMPRIMIDOS RECUBIERTOS CON PELICULA EFG
molestia al tragar,PHARMAGRIP TOS Y CONGESTIÓN POLVO PARA SOLUCION ORAL,"WETIRIN 0,2 mg COMPRIMIDOS"
algo para la tos,PROPALCOF 15 mg/ml GOTAS ORALES EN SOLUCION,TETRIDAR 20 MICROGRAMOS/80 MICROLITROS SOLUCION INYECTABLE EN PLUMA PRECARGADA
algo para la tos,CINFATOS EXPECTORANTE 10 mg + 100 mg solución oral en sobres,"HIBOR 3.500 UI ANTI XA/0,2 ml SOLUCIÓN INYECTABLE EN JERINGAS PRECARGADAS"
algo para la tos,"CINFATUSINA 3,54 mg/ml SUSPENSIÓN ORAL",VILDAGLIPTINA/METFORMINA NORMON 50 MG/1.000 MG COMPRIMIDOS RECUBIERTOS CON PELICULA EFG
algo para la tos,NORMOGRIP ANTITUSIVO GRANULADO PARA SOLUCION ORAL,GELOCATIL 500 mg GRANULADO
algo para la tos,CINFATOS 15 MG COMPRIMIDOS BUCODISPERSABLES,OLANZAPINA CINFA 10 MG CAPSULAS DURAS EFG
no paro de toser,CINFATOS COMPLEX suspensión oral,EZETIMIBA/SIMVASTATINA TECNIGEN 10 MG/40 MG COMPRIMIDOS EFG
no paro de toser,NORMOGRIP ANTITUSIVO GRANULADO PARA SOLUCION ORAL,VALDOXAN 25 MG COMPRIMIDOS RECUBIERTOS CON PELICULA
no paro de toser,FRENADOL JUNIOR GRANULADO PARA SOLUCION ORAL,JARDIANCE 25 MG COMPRIMIDOS RECUBIERTOS CON PELICULA
no paro de toser,"CINFATUSINA 3,54 mg/ml SUSPENSIÓN ORAL",LEVODOPA/CARBIDOPA/ENTACAPONA STADA 150 MG/37.5 MG/200 MG COMPRIMIDOS RECUBIERTOS CON PELICULA EFG
no paro de toser,CINFATOS 15 MG SOLUCION ORAL EN SOBRES,GLUCOBAY 100 mg COMPRIMIDOS
tos seca,CINFATOS INFANTIL 1 mg / ml SOLUCION ORAL,DARZALEX 20 MG/ML CONCENTRADO PARA SOLUCION PARA PERFUSION
tos seca,FRENADOL DESCONGESTIVO CAPSULAS DURAS,TADALAFILO STADA 20 MG COMPRIMIDOS RECUBIERTOS CON PELICULA EFG
tos seca,"FLUTOX 10 mg, COMPRIMIDOS RECUBIERTOS",RALTEGRAVIR DR. REDDYS 600 MG COMPRIMIDOS RECUBIERTOS CON PELICULA EFG
tos seca,PROPALCOF 15 mg/ml GOTAS ORALES EN SOLUCION,MICOFENOLATO DE MOFETILO CINFA 500 MG COMPRIMIDOS RECUBIERTOS CON PELICULA EFG
tos seca,TERMALDINA CODEINA 300 mg/ 15 mg CAPSULAS,"OLMESARTAN/AMLODIPINO/HIDROCLOROTIAZIDA CINFAMED 40 MG/5 MG/12,5 MG COMPRIMIDOS RECUBIERTOS CON PELICULA EFG"
tos con mocos,"CINFATOS NOCHE 1,33 MG/ML + 2 MG/ML SOLUCION ORAL",ARDORAL 75 mg comprimidos recubiertos
tos con mocos,CINFATOS EXPECTORANTE 10 mg + 100 mg solución oral en sobres,XADAGO 50 mg comprimidos recubiertos con pelicula
tos con mocos,CINFATOS DESCONGESTIVO SOLUCION ORAL,MEMANTINA FLAS STADA 10 MG COMPRIMIDOS BUCODISPERSABLES EFG
tos con mocos,TERMALDINA CODEINA 300 mg/ 15 mg CAPSULAS,SOLIFENACINA STADA 10 MG COMPRIMIDOS RECUBIERTOS CON PELICULA EFG
tos con mocos,PHARMAGRIP TOS Y CONGESTIÓN POLVO PARA SOLUCION ORAL,ESCITALOPRAM TECNIGEN 20 mg COMPRIMIDOS RECUBIERTOS CON PELICULA EFG
tengo alergia,DESENFRIOL C GRANULADO EFERVESCENTE,NARINE REPETABS 5 mg/120 mg COMPRIMIDOS DE LIBERACION PROLONGADA
tengo alergia,PHARMAGRIP FORTE CONGESTION Y SECRECION NASAL POLVO PARA SUSPENSION ORAL,QUETIAPINA CINFA 400 mg COMPRIMIDOS DE LIBERACION PROLONGADA EFG
tengo alergia,LORATADINA STADA 10 mg COMPRIMIDOS RECUBIERTOS CON PELICULA EFG,ROXITROMICINA SANDOZ 150 MG COMPRIMIDOS RECUBIERTOS CON PELICULA EFG
tengo alergia,RESPIBIEN ANTIALERGICO SOLUCION PARA PULVERIZACION NASAL,"BIMEOX 0,3 MG/ML COLIRIO EN SOLUCION EN ENVASE UNIDOSIS"
tengo alergia,NORMOGRIP CAPSULAS DURAS,SOLIFENACINA STADA 5 MG COMPRIMIDOS RECUBIERTOS CON PELICULA EFG
me pican los ojos,CETIRIZINA SANDOZ 10 mg/ml GOTAS ORALES EN SOLUCION EFG,NIULIVA 250 U.I./ml SOLUCION PARA PERFUSION
me pican los ojos,GRIPALNORM GRANULADO PARA SOLUCION ORAL,"SERETIDE 25 microgramos/50 microgramos/INHALACIÓN, SUSPENSIÓN PARA INHALACIÓN EN ENVASE A PRESIÓN"
me pican los ojos,NARINE REPETABS 5 mg/120 mg COMPRIMIDOS DE LIBERACION PROLONGADA,DIFENADEX 25 MG CAPSULAS DURAS
me pican los ojos,DESENFRIOL C GRANULADO EFERVESCENTE,OMEPRAZOL STADAPHARM 20 MG CAPSULAS DURAS GASTRORRESISTENTES
me pican los ojos,NORMOGRIP CAPSULAS DURAS,QUETIAPINA CINFA 25 mg COMPRIMIDOS RECUBIERTOS CON PELICULA EFG
congestión por alergia,GELOCATIL GRIPE FORTE CON FENILEFRINA POLVO PARA SOLUCION ORAL,"INALADUO ACCUHALER 50 microgramos/500 microgramos/INHALACIÓN, POLVO PARA INHALACIÓN"
congestión por alergia,NARINE REPETABS 5 mg/120 mg COMPRIMIDOS DE LIBERACION PROLONGADA,TAGRISSO 80 MG COMPRIMIDOS RECUBIERTOS CON PELICULA
congestión por alergia,DESLORATADINA SANDOZ 5 MG COMPRIMIDOS RECUBIERTOS CON PELICULA EFG,ZIPRASIDONA STADA 60 mg CAPSULAS DURAS EFG
congestión por alergia,FRENADOL JUNIOR GRANULADO PARA SOLUCION ORAL,QUINAPRIL NORMON 20 MG COMPRIMIDOS RECUBIERTOS CON PELICULA EFG
congestión por alergia,ALERCINA 10 mg COMPRIMIDOS,IRBESARTAN VIATRIS 150 MG COMPRIMIDOS EFG
síntomas alérgicos,"TERMALGIN GRIPE 650 MG/15,58 MG/4 MG GRANULADO PARA SOLUCION ORAL",GLICLAZIDA STADA 60 MG COMPRIMIDOS DE LIBERACION MODIFICADA EFG
síntomas alérgicos,RESPIBIEN ANTIALERGICO SOLUCION PARA PULVERIZACION NASAL,ULTRACAIN CON EPINEFRINA 40 MG/ML + 10 MICROGRAMOS/ML SOLUCION INYECTABLE
síntomas alérgicos,NARINE REPETABS 5 mg/120 mg COMPRIMIDOS DE LIBERACION PROLONGADA,"HBVAXPRO 40 microgramos, SUSPENSION INYECTABLE"
síntomas alérgicos,FRENADOL JUNIOR GRANULADO PARA SOLUCION ORAL,"OLMESARTAN/HIDROCLOROTIAZIDA SANDOZ 40 MG/12,5 MG COMPRIMIDOS RECUBIERTOS CON PELICULA EFG"
síntomas alérgicos,Dasselta 5 mg comprimidos recubiertos con pelicula EFG,ESPIDIFEN 400 mg GRANULADO PARA SOLUCION ORAL SABOR MENTA
me siento ansioso,DIAZEPAM STADA 10 MG COMPRIMIDOS EFG,VISCOTEARS 2 mg/g GEL OFTALMICO
me siento ansioso,QUETIAPINA CINFA 100 mg COMPRIMIDOS RECUBIERTOS CON PELICULA EFG,"PAXIFLAS 37,5 MG/325 MG COMPRIMIDOS BUCODISPERSABLES EFG"
me siento ansioso,DIAZEPAM CINFA 5 MG COMPRIMIDOS EFG,"SOFTACORT 3,35 MG/ML COLIRIO EN SOLUCION EN ENVASES UNIDOSIS"
me siento ansioso,QUETIAPINA NORMON 200 mg COMPRIMIDOS RECUBIERTOS CON PELICULA EFG,JURNISTA 8 mg COMPRIMIDOS DE LIBERACION PROLONGADA
me siento ansioso,QUETIAPINA SANDOZ FARMACEUTICA 300 MG COMPRIMIDOS DE LIBERACION PROLONGADA EFG,BUCOMAX PASTILLAS PARA CHUPAR SABOR MIEL Y LIMON
tengo ansiedad,QUETIAPINA TECNIGEN 200 mg COMPRIMIDOS RECUBIERTOS CON PELICULA EFG,TERMALGIN RESFRIADO 500 MG/30 MG POLVO PARA SOLUCION ORAL
tengo ansiedad,QUETIAPINA STADA 50 MG COMPRIMIDOS DE LIBERACION PROLONGADA EFG,XEPLION 75 mg SUSPENSION INYECTABLE DE LIBERACION PROLONGADA
tengo ansiedad,LORAZEPAM DESGEN 5 mg comprimidos,NOVORAPID 100 U/ML SOLUCION INYECTABLE EN VIAL
tengo ansiedad,QUETIAPINA NORMON 300 mg COMPRIMIDOS RECUBIERTOS CON PELICULA EFG,NOVOEIGHT 1500 UI POLVO Y DISOLVENTE PARA SOLUCION INYECTABLE
tengo ansiedad,QUETIAPINA STADA 50 MG COMPRIMIDOS RECUBIERTOS CON PELICULA,ZOLPIDEM NORMON 10 mg COMPRIMIDOS RECUBIERTOS CON PELICULA EFG
nerviosismo constante,QUETIAPINA SANDOZ FARMACEUTICA 300 MG COMPRIMIDOS DE LIBERACION PROLONGADA EFG,DOCETAXEL HOSPIRA 10 mg/ml CONCENTRADO PARA SOLUCION PARA PERFUSION
nerviosismo constante,QUETIAPINA STADA 50 MG COMPRIMIDOS DE LIBERACION PROLONGADA EFG,BETAHISTINA SANDOZ 8 MG COMPRIMIDOS EFG
nerviosismo constante,QUETIAPINA TECNIGEN 100 mg COMPRIMIDOS RECUBIERTOS CON PELICULA EFG,XTANDI 40 MG CAPSULAS BLANDAS
nerviosismo constante,QUETIAPINA STADA 400 MG COMPRIMIDOS DE LIBERACION PROLONGADA EFG,AMLODIPINO/VALSARTAN STADA 10 MG/160 MG COMPRIMIDOS RECUBIERTOS CON PELICULA EFG
nerviosismo constante,ORFIDAL 1 mg COMPRIMIDOS,LERCANIDIPINO NORMON 10 mg COMPRIMIDOS RECUBIERTOS CON PELICULA EFG
necesito calmarme,DIAZEPAM STADA 10 MG COMPRIMIDOS EFG,CEFUROXIMA SANDOZ 250 mg COMPRIMIDOS RECUBIERTOS EFG
necesito calmarme,QUETIAPINA NORMON 100 mg COMPRIMIDOS RECUBIERTOS CON PELICULA EFG,DERATIN 5 mg COMPRIMIDOS PARA CHUPAR
necesito calmarme,QUETIAPINA SANDOZ FARMACEUTICA 25 mg COMPRIMIDOS RECUBIERTOS CON PELICULA EFG,ZEFFIX 100 mg COMPRIMIDOS RECUBIERTOS CON PELICULA
necesito calmarme,QUETIAPINA CINFA 300 mg COMPRIMIDOS RECUBIERTOS CON PELICULA EFG,GELOCATIL PEDIATRICO 100MG/ML SOLUCION ORAL
necesito calmarme,QUETIAPINA TECNIGEN 300 mg COMPRIMIDOS RECUBIERTOS CON PELICULA EFG,RISPERIDONA SANDOZ 6 mg COMPRIMIDOS RECUBIERTOS CON PELICULA EFG
me duelen los músculos,TERMALDINA CODEINA 300 mg/ 15 mg CAPSULAS,PRIVIGEN 100 mg/ml SOLUCION PARA PERFUSION
me duelen los músculos,PHARMAGRIP CONGESTION Y SECRECION NASAL CAPSULAS,QUETIAPINA SANDOZ FARMACEUTICA 300 mg COMPRIMIDOS RECUBIERTOS CON PELICULA EFG
me duelen los músculos,IBUDOL 400 MG CAPSULAS BLANDAS,DEXDOR 100 MICROGRAMOS/ML CONCENTRADO PARA SOLUCION PARA PERFUSION (25X2 ml)
me duelen los músculos,ESPIDIFEN 400 mg GRANULADO PARA SOLUCION ORAL SABOR MENTA,KENGREXAL 50 MG POLVO PARA CONCENTRADO PARA SOLUCION INYECTABLE Y PARA PERFUSION
me duelen los músculos,"PAXIFLAS 37,5 MG/325 MG COMPRIMIDOS BUCODISPERSABLES EFG",CANESTEN 10 mg/ml SOLUCION PARA PULVERIZACION CUTANEA
dolor corporal,TRAMADOL/PARACETAMOL CINFA 75 MG/650 MG COMPRIMIDOS RECUBIERTOS CON PELICULA,FARMIBLASTINA 50 mg POLVO PARA SOLUCION INYECTABLE
dolor corporal,FRENADOL DESCONGESTIVO CAPSULAS DURAS,HIDROSALURETIL 25 MG COMPRIMIDOS EFG
dolor corporal,PARACETAMOL CINFA 650 MG COMPRIMIDOS EFG,EBASTINA STADA 20 mg COMPRIMIDOS RECUBIERTOS CON PELICULA EFG
dolor corporal,IBUFEN 400 mg COMPRIMIDOS RECUBIERTOS CON PELICULA,VALSARTAN/HIDROCLOROTIAZIDA CINFA 160 mg/25 mg COMPRIMIDOS RECUBIERTOS CON PELICULA EFG
dolor corporal,"TRAMADOL/PARACETAMOL STADA 37,5 mg / 325 mg COMPRIMIDOS RECUBIERTOS CON PELICULA EFG","TRANKIMAZIN 0,50 mg COMPRIMIDOS"
molestia muscular,ACTROMADOL 660 MG COMPRIMIDOS DE LIBERACIÓN MODIFICADA,"PONVORY 2, 3, 4, 5, 6, 7, 8, 9 y 10 mg COMPRIMIDOS RECUBIERTOS CON PELICULA"
molestia muscular,IBUDOL 50 MG/G GEL,GEMCITABINA HOSPIRA 1000 mg CONCENTRADO PARA SOLUCION PARA PERFUSION
molestia muscular,NOVIDOL 50 MG/ML SOLUCION PARA PULVERIZACION CUTANEA,YERVOY 5 MG/ML CONCENTRADO PARA SOLUCION PARA PERFUSION
molestia muscular,"ZALDIAR 37,5 mg/325 mg COMPRIMIDOS RECUBIERTOS CON PELICULA",BILASTINA STADAPHARM 20 MG COMPRIMIDOS EFG
molestia muscular,PARACETAMOL/IBUPROFENO SANDOZ CARE 500 MG/200 MG COMPRIMIDOS RECUBIERTOS CON PELICULA,AMLODIPINO/VALSARTAN/HIDROCLOROTIAZIDA CINFAMED 10 MG/160 MG/25 MG COMPRIMIDOS RECUBIERTOS CON PELICULA EFG
tensión muscular,GELOCATIL GRIPE FORTE CON FENILEFRINA GRANULADO PARA SOLUCION ORAL,SITAGLIPTINA CINFAMED 100 MG COMPRIMIDOS RECUBIERTOS CON PELICULA EFG
tensión muscular,FRENADOL DESCONGESTIVO CAPSULAS DURAS,ESCITALOPRAM VISO FARMACEUTICA 10 MG COMPRIMIDOS RECUBIERTOS CON PELICULA EFG
tensión muscular,IBUFEN 50 MG/G GEL,AIACET 75 MICROGRAMOS COMPRIMIDOS RECUBIERTOS CON PELICULA EFG
tensión muscular,PHARMAGRIP TOS Y CONGESTIÓN POLVO PARA SOLUCION ORAL,"AMLODIPINO/VALSARTAN/HIDROCLOROTIAZIDA CINFAMED 5 MG/160 MG/12,5 MG COMPRIMIDOS RECUBIERTOS CON PELICULA EFG"
tensión muscular,PARACETAMOL ACCORD 10 mg/ml SOLUCION PARA PERFUSION EFG,XARELTO 20 mg COMPRIMIDOS RECUBIERTOS CON PELICULA (28 COMPRIMIDOS)
dolor intenso,TRAMADOL/PARACETAMOL STADA 75 mg/650 mg COMPRIMIDOS,JARDIANCE 10 MG COMPRIMIDOS RECUBIERTOS CON PELICULA
dolor intenso,OXICODONA/NALOXONA CINFA 20 MG/10 MG COMPRIMIDOS DE LIBERACION PROLONGADA EFG,KOGENATE BAYER 2000 UI POLVO Y DISOLVENTE PARA SOLUCION INYECTABLE
dolor intenso,OXICODONA/NALOXONA STADA 10 MG/5 MG COMPRIMIDOS DE LIBERACION PROLONGADA EFG,CANDESARTAN TARBIS 32 MG COMPRIMIDOS EFG
dolor intenso,CAPTOR SIMPLEX 200 MG CAPSULAS DURAS DE LIBERACION PROLONGADA,GLICLAZIDA UXA 30 MG COMPRIMIDOS DE LIBERACION MODIFICADA EFG
dolor intenso,"TRAMADOL/PARACETAMOL VIATRIS 37,5 MG/325 MG COMPRIMIDOS RECUBIERTOS CON PELÍCULA EFG",EUTIROX 25 microgramos COMPRIMIDOS
dolor muy fuerte,TARGIN 20 mg/10 mg COMPRIMIDOS DE LIBERACION PROLONGADA,OLMESARTAN/AMLODIPINO STADA 40 MG/5 MG COMPRIMIDOS RECUBIERTOS CON PELICULA EFG
dolor muy fuerte,"ZALDIAR 37,5 mg/325 mg COMPRIMIDOS RECUBIERTOS CON PELICULA",METAMIZOL NORMON 500 MG/ML GOTAS ORALES EN SOLUCION EFG
dolor muy fuerte,TRAMADOL RETARD STADA 200 MG COMPRIMIDOS DE LIBERACION PROLONGADA EFG,"INALADUO ACCUHALER 50 microgramos/250 microgramos/INHALACIÓN, POLVO PARA INHALACIÓN"
dolor muy fuerte,OXICODONA/NALOXONA STADA 40 MG/20 MG COMPRIMIDOS DE LIBERACION PROLONGADA EFG,FELDENE FLAS 20 mg LIOFILIZADO ORAL
dolor muy fuerte,TRAMADOL STADA 50 mg CAPSULAS DURAS EFG,MONONITRATO DE ISOSORBIDA NORMON 40 mg COMPRIMIDOS EFG
me duele mucho,"ZALDIAR 37,5 mg/325 mg COMPRIMIDOS RECUBIERTOS CON PELICULA","DROSPIRENONA/ETINILESTRADIOL CINFALAB 3MG / 0,02MG COMPRIMIDOS RECUBIERTOS CON PELICULA (24+4) EFG"
me duele mucho,OXICODONA/NALOXONA CINFA 20 MG/10 MG COMPRIMIDOS DE LIBERACION PROLONGADA EFG,MEMANTINA TECNIGEN 20 MG COMPRIMIDOS RECUBIERTOS CON PELICULA EFG
me duele mucho,METAMIZOL NORMON 500 MG/ML GOTAS ORALES EN SOLUCION EFG,DIFENADEX 25 MG CAPSULAS DURAS
me duele mucho,"OXICODONA/NALOXONA CINFA 5 MG/2,5 MG COMPRIMIDOS DE LIBERACION PROLONGADA EFG",AZACITIDINA SANDOZ 25 MG/ML POLVO PARA SOLUCION INYECTABLE EFG
me duele mucho,OXICODONA/NALOXONA STADA 10 MG/5 MG COMPRIMIDOS DE LIBERACION PROLONGADA EFG,"YASMIN DIARIO 3 mg / 0,03 mg COMPRIMIDOS RECUBIERTOS CON PELICULA"
necesito algo fuerte para el dolor,TRAMADOL RETARD NORMON 100 mg COMPRIMIDOS DE LIBERACION PROLONGADA EFG,CLORXIL 5 MG/ML SOLUCION CUTANEA
necesito algo fuerte para el dolor,"PAZITAL 37,5 mg/325 mg COMPRIMIDOS RECUBIERTOS CON PELICULA",VARDENAFILO CINFA 10 MG COMPRIMIDOS BUCODISPERSABLES EFG
necesito algo fuerte para el dolor,"PAXIFLAS 37,5 MG/325 MG COMPRIMIDOS BUCODISPERSABLES EFG","BILINA 0,5 mg/ml SUSPENSIÓN PARA PULVERIZACIÓN NASAL"
necesito algo fuerte para el dolor,OXYCONTIN 10 mg COMPRIMIDOS DE LIBERACION PROLONGADA,IMBRUVICA 140 MG CAPSULAS DURAS
necesito algo fuerte para el dolor,"TRAMADOL/PARACETAMOL NORMON 37,5 mg/ 325 mg COMPRIMIDOS RECUBIERTOS CON PELICULA EFG",PRAVASTATINA NORMON 10 mg COMPRIMIDOS EFG
pastilla anticonceptiva,DESOGESTREL STADA 75 MICROGRAMOS COMPRIMIDOS EFG,"DEXKETOPROFENO STADA 12,5 MG COMPRIMIDOS RECUBIERTOS CON PELICULA EFG"
pastilla anticonceptiva,"SUAVURET 0,15 mg/0,02 mg COMPRIMIDOS",ULTRACAIN CON EPINEFRINA 40 MG/ML + 10 MICROGRAMOS/ML SOLUCION INYECTABLE
pastilla anticonceptiva,"MICROGYNON 0,15 mg / 0,03 mg COMPRIMIDOS RECUBIERTOS","OCTREOTIDA GP-PHARM 1 mg /5 ml (0,2 mg/ml) SOLUCION INYECTABLE Y PARA PERFUSION EFG"
pastilla anticonceptiva,"YASMIN 3 mg / 0,03 mg COMPRIMIDOS RECUBIERTOS CON PELICULA","HIRUDOID FORTE 4,45 mg/g POMADA"
pastilla anticonceptiva,"ANAOMI DIARIO 0,1 MG/0,02 MG COMPRIMIDOS RECUBIERTOS CON PELÍCULA EFG",OMEPRAZOL CINFA 20 mg CAPSULAS DURAS GASTRORRESISTENTES EFG
método anticonceptivo,"ANAOMI DIARIO 0,1 MG/0,02 MG COMPRIMIDOS RECUBIERTOS CON PELÍCULA EFG",ALGESAL 10 MG/G + 100 MG/G ESPUMA CUTANEA
método anticonceptivo,TRIAGYNON COMPRIMIDOS RECUBIERTOS,ZOLAFREN 10 mg COMPRIMIDOS EFG
método anticonceptivo,"DROSPIRENONA/ETINILESTRADIOL CINFALAB 3MG / 0,02MG COMPRIMIDOS RECUBIERTOS CON PELICULA (24+4) EFG",ITRACONAZOL NORMON 100 mg CAPSULAS DURAS EFG
método anticonceptivo,DESOGESTREL STADA 75 MICROGRAMOS COMPRIMIDOS EFG,CLIMODIEN 2/2 mg COMPRIMIDOS RECUBIERTOS
método anticonceptivo,"HARMONET 0,075 MG/0,02 MG COMPRIMIDOS RECUBIERTOS",IRBESARTAN/HIDROCLOROTIAZIDA VISO FARMACÉUTICA 300 MG/25 MG COMPRIMIDOS RECUBIERTOS CON PELICULA EFG
control de natalidad,"DOLNA 0,120 MG/0,015 MG CADA 24 HORAS SISTEMA DE LIBERACION VAGINAL EFG","KYLEENA 19,5 MG SISTEMA DE LIBERACION INTRAUTERINO"
control de natalidad,"MICROGYNON 0,15 mg / 0,03 mg COMPRIMIDOS RECUBIERTOS",TITANOREIN LIDOCAINA CREMA RECTAL
control de natalidad,DESOGESTREL STADAFARMA 75 MICROGRAMOS COMPRIMIDOS RECUBIERTOS CON PELICULA EFG,"REACTINE LEVOCABASTINA 0,5mg/ml COLIRIO EN SUSPENSION"
control de natalidad,"MELIANE DIARIO 0,075 mg / 0,02 mg COMPRIMIDOS RECUBIERTOS",ZINNAT 250 mg/5 ml GRANULADO PARA SUSPENSION ORAL
control de natalidad,"ANAOMI DIARIO 0,1 MG/0,02 MG COMPRIMIDOS RECUBIERTOS CON PELÍCULA EFG",IBUFEN INFANTIL 20 MG/ML SUSPENSION ORAL
evitar embarazo,GRACIAL COMPRIMIDOS,STIVARGA 40 MG COMPRIMIDOS RECUBIERTOS CON PELICULA
evitar embarazo,"YASMIN DIARIO 3 mg / 0,03 mg COMPRIMIDOS RECUBIERTOS CON PELICULA",ZONISAMIDA SANDOZ 25 MG CAPSULAS DURAS EFG
evitar embarazo,"LEVESIALLE DIARIO 0,10 MG/0,02 MG COMPRIMIDOS RECUBIERTOS CON PELICULA EFG","CENTILUX 0,25 mg/ml COLIRIO EN SOLUCION"
evitar embarazo,"LEVONORGESTREL/ETINILESTRADIOL STADA 0,1 MG/0,02 MG COMPRIMIDOS RECUBIERTOS CON PELICULA EFG",LORVIQUA 100 MG COMPRIMIDOS RECUBIERTOS CON PELÍCULA
evitar embarazo,"OVOPLEX 0,15 MG/0,030 MG COMPRIMIDOS RECUBIERTOS",CANDESARTAN/HIDROCLOROTIAZIDA FORTE STADA GENERICOS 32 mg/25 mg COMPRIMIDOS EFG
tengo la tensión alta,RAMIPRIL NORMON 10 mg COMPRIMIDOS EFG,QUETIAPINA SANDOZ FARMACEUTICA 50 MG COMPRIMIDOS DE LIBERACION PROLONGADA EFG
tengo la tensión alta,"ENALAPRIL/HIDROCLOROTIAZIDA VIATRIS 20/12,5 MG COMPRIMIDOS EFG",PARACETAMOL SANDOZ CARE 650 MG COMPRIMIDOS EFG
tengo la tensión alta,RAMIPRIL CINFA 10 mg COMPRIMIDOS EFG,TRIUMEQ 50 MG/600 MG/300 MG COMPRIMIDOS RECUBIERTOS CON PELICULA
tengo la tensión alta,ENALAPRIL NORMON 10 MG COMPRIMIDOS EFG,VOLTAREN 1 mg/ml COLIRIO EN SOLUCION
tengo la tensión alta,LERCANIDIPINO TECNIGEN 10 mg COMPRIMIDOS RECUBIERTOS CON PELICULA EFG,BOSENTAN NORMON 125 MG COMPRIMIDOS RECUBIERTOS CON PELICULA EFG
hipertensión,LERCANIDIPINO TECNIGEN 20 mg COMPRIMIDOS RECUBIERTOS CON PELICULA EFG,CLORXIL 10 mg/ml SOLUCION PARA PULVERIZACION CUTANEA
hipertensión,"RAMIPRIL SANDOZ 2,5 mg COMPRIMIDOS EFG",SITAGLIPTINA CINFAMED 50 MG COMPRIMIDO RECUBIERTO CON PELICULA EFG
hipertensión,LERZAM 10 mg COMPRIMIDOS RECUBIERTOS CON PELICULA,"LUBRILAX 7,5 mg/ml GOTAS ORALES EN SOLUCION"
hipertensión,"RAMIPRIL NORMON 2,5 mg COMPRIMIDOS EFG",NICOTINELL MINT 1 mg COMPRIMIDOS PARA CHUPAR
hipertensión,RAMIPRIL/HIDROCLOROTIAZIDA TECNIGEN 5/25 mgCOMPRIMIDOS EFG,DIAZEPAM CINFA 5 MG COMPRIMIDOS EFG
presión elevada,RAMIPRIL/HIDROCLOROTIAZIDA TECNIGEN 5/25 mgCOMPRIMIDOS EFG,CANDESARTAN/HIDROCLOROTIAZIDA CINFAMED 32 MG/25 MG COMPRIMIDOS EFG
presión elevada,"ENALAPRIL/HIDROCLOROTIAZIDA VIATRIS 20/12,5 MG COMPRIMIDOS EFG",ZOLMITRIPTAN FLAS SANDOZ 5 mg COMPRIMIDOS BUCODISPERSABLES EFG
presión elevada,RAMIPRIL NORMON 10 mg COMPRIMIDOS EFG,NICORETTE ICE MINT 2 mg CHICLES MEDICAMENTOSOS
presión elevada,ZANIPRESS 10 mg/10 mg COMPRIMIDOS RECUBIERTOS CON PELICULA,"BOSENTAN NORMON 62,5 MG COMPRIMIDOS RECUBIERTOS CON PELICULA EFG"
presión elevada,ENALAPRIL SANDOZ 5 mg COMPRIMIDOS EFG,ARIPIPRAZOL TARBIS 10 MG COMPRIMIDOS EFG
bajar la tensión,LERCANIDIPINO RECORDATI 20 mg COMPRIMIDOS RECUBIERTOS CON PELICULA EFG,NICOTINELL COOL MINT 2 mg CHICLE MEDICAMENTOSO
bajar la tensión,LERCAPRESS 20 mg/10 mg COMPRIMIDOS RECUBIERTOS CON PELICULA,"ETINILESTRADIOL/DROSPIRENONA DIARIO STADA 0,02 mg/3 mg COMPRIMIDOS RECUBIERTOS CON PELICULA EFG"
bajar la tensión,"ENALAPRIL/HIDROCLOROTIAZIDA VIATRIS 20/12,5 MG COMPRIMIDOS EFG",GLYCILAX ADULTOS SUPOSITORIOS
bajar la tensión,ENALAPRIL NORMON 10 MG COMPRIMIDOS EFG,"VIPDOMET 12,5 MG/850 MG COMPRIMIDOS RECUBIERTOS CON PELICULA"
bajar la tensión,ZANIPRESS 10 mg/10 mg COMPRIMIDOS RECUBIERTOS CON PELICULA,BOSUTINIB STADA 100 MG COMPRIMIDOS RECUBIERTOS CON PELICULA EFG
tengo colesterol alto,NUSTENDI 180 mg/10 mg COMPRIMIDOS RECUBIERTOS CON PELICULA,SOLSINT 50 MICROGRAMOS SOLUCION ORAL EN ENVASE UNIDOSIS
tengo colesterol alto,EZETIMIBA/ATORVASTATINA STADAFARMA 10 MG/20 MG COMPRIMIDOS RECUBIERTOS CON PELICULA,VOTUBIA 2 MG COMPRIMIDOS DISPERSABLES
tengo colesterol alto,INEGY 10 mg/20 mg COMPRIMIDOS,ECTREN 40 mg COMPRIMIDOS RECUBIERTOS CON PELÍCULA
tengo colesterol alto,ROSUVASTATINA/EZETIMIBA NORMON 20 MG/10 MG COMPRIMIDOS RECUBIERTOS CON PELÍCULA EFG,CASPOFUNGINA LORIEN 50 MG POLVO PARA CONCENTRADO PARA SOLUCION PARA PERFUSION EFG
tengo colesterol alto,LIPOCOMB 20 MG/10 MG CAPSULAS DURAS,"TRANKIMAZIN 0,25 mg COMPRIMIDOS"
reducir colesterol,ATORVASTATINA NORMON 10 mg COMPRIMIDOS RECUBIERTOS CON PELICULA EFG,"ACUOLENS 3 mg/ml + 5,5 mg/ml COLIRIO EN SOLUCION EN ENVASE UNIDOSIS"
reducir colesterol,VAXAR 20 MG COMPRIMIDOS RECUBIERTOS CON PELICULA EFG,EZETIMIBA/ATORVASTATINA STADAFARMA 10 MG/40 MG COMPRIMIDOS RECUBIERTOS CON PELICULA
reducir colesterol,EZETIMIBA KRKA 10 MG COMPRIMIDOS EFG,OLMESARTAN/AMLODIPINO CINFA 40 MG/5 MG COMPRIMIDOS RECUBIERTOS CON PELICULA EFG
reducir colesterol,ROSUVASTATINA/EZETIMIBA NORMON 20 MG/10 MG COMPRIMIDOS RECUBIERTOS CON PELÍCULA EFG,MICOFENOLATO DE MOFETILO CINFA 500 MG COMPRIMIDOS RECUBIERTOS CON PELICULA EFG
reducir colesterol,ROSUVASTATINA VISO FARMACEUTICA 10 MG COMPRIMIDOS RECUBIERTOS CON PELICULA EFG,ZOLAFREN FLAS 20 mg COMPRIMIDOS BUCODISPERSABLES EFG
medicamento para colesterol,EZETIMIBA/SIMVASTATINA STADA 10 MG/40 MG COMPRIMIDOS EFG,TITANOREIN LIDOCAINA CREMA RECTAL
medicamento para colesterol,ATORVASTATINA STADA 10 MG COMPRIMIDOS RECUBIERTOS CON PELICULA EFG,BISOPROLOL CINFA 5 MG COMPRIMIDOS EFG
medicamento para colesterol,LIPOCOMB 20 MG/10 MG CAPSULAS DURAS,ALKERAN 2 MG COMPRIMIDOS RECUBIERTOS CON PELICULA
medicamento para colesterol,ATORDUO 10 MG/10 MG CAPSULAS DURAS,BUDESONIDA ALDO UNION 200 microgramos/pulsación SUSPENSIÓN PARA INHALACIÓN EN ENVASE A PRESIÓN
medicamento para colesterol,EZETIMIBA/ATORVASTATINA SANDOZ 10 MG/20 MG COMPRIMIDOS RECUBIERTOS CON PELICULA,LERCANIDIPINO TECNIGEN 10 mg COMPRIMIDOS RECUBIERTOS CON PELICULA EFG
controlar lípidos,ROSUVASTATINA/EZETIMIBA NORMON 20 MG/10 MG COMPRIMIDOS RECUBIERTOS CON PELÍCULA EFG,NOVOEIGHT 3000 UI POLVO Y DISOLVENTE PARA SOLUCION INYECTABLE
controlar lípidos,ATOZET 10 MG/20 MG COMPRIMIDOS RECUBIERTOS CON PELICULA,VISCOFRESH 10 mg/ml COLIRIO EN SOLUCION EN ENVASE UNIDOSIS
controlar lípidos,ATORVASTATINA CINFA 30 MG COMPRIMIDOS RECUBIERTOS CON PELICULA,FELIBEN 35 microgramos/HORA PARCHES TRANSDERMICOS.
controlar lípidos,EZETIMIBA/SIMVASTATINA STADA 10 MG/40 MG COMPRIMIDOS EFG,PRALUENT 150 MG SOLUCION INYECTABLE EN PLUMA PRECARGADA
controlar lípidos,ROSUVASTATINA SANDOZ 10 MG COMPRIMIDOS RECUBIERTOS CON PELICULA EFG,ACICLOVIR SANDOZ CARE 50 MG/G CREMA
tengo epilepsia,LABILENO 25 mg COMPRIMIDOS MASTICABLES/DISPERSABLES,"BISOPROLOL NORMON 2,5 mg COMPRIMIDOS RECUBIERTOS CON PELICULA EFG"
tengo epilepsia,LEVETIRACETAM NORMON 1.500 MG COMPRIMIDOS RECUBIERTOS CON PELÍCULA,EZETIMIBA/ATORVASTATINA STADAFARMA 10 MG/20 MG COMPRIMIDOS RECUBIERTOS CON PELICULA
tengo epilepsia,LABILENO 100 mg COMPRIMIDOS MASTICABLES/DISPERSABLES,BESITRAN 20 mg/ml CONCENTRADO PARA SOLUCION ORAL
tengo epilepsia,LEVETIRACETAM CINFA 1000 mg COMPRIMIDOS RECUBIERTOS CON PELICULA EFG,ACETATO DE CIPROTERONA/ETINILESTRADIOL SANDOZ 2 mg/ 0.035 mg COMPRIMIDOS RECUBIERTOS EFG
tengo epilepsia,LABILENO 50 mg COMPRIMIDOS MASTICABLES/DISPERSABLES,OPTOVITE B12 1.000 MICROGRAMOS SOLUCIÓN INYECTABLE
tratamiento para convulsiones,LABILENO 25 mg COMPRIMIDOS MASTICABLES/DISPERSABLES,CILOSTAZOL STADA 100 MG COMPRIMIDOS EFG
tratamiento para convulsiones,LEVETIRACETAM NORMON 1.500 MG COMPRIMIDOS RECUBIERTOS CON PELÍCULA,"ZANTAC 300 mg, COMPRIMIDOS RECUBIERTOS CON PELICULA"
tratamiento para convulsiones,LAMICTAL 100 mg COMPRIMIDOS MASTICABLES/DISPERSABLES,"VESOMNI 6 MG/0,4 MG COMPRIMIDOS DE LIBERACION MODIFICADA"
tratamiento para convulsiones,LABILENO 50 mg COMPRIMIDOS MASTICABLES/DISPERSABLES,JANUVIA 50 MG COMPRIMIDOS RECUBIERTOS CON PELICULA
tratamiento para convulsiones,LAMICTAL 50 mg COMPRIMIDOS MASTICABLES/DISPERSABLES,TELMISARTAN/HIDROCLOROTIAZIDA NORMON 80 MG/25 MG COMPRIMIDOS EFG
controlar crisis,LAMOTRIGINA STADA 50 mg COMPRIMIDOS DISPERSABLES EFG,GADOVIST 1 mmol/ml SOLUCION INYECTABLE EN JERINGA PRECARGADA/ CARTUCHO PRECARGADO
controlar crisis,LEVETIRACETAM CINFA 1000 mg COMPRIMIDOS RECUBIERTOS CON PELICULA EFG,ALDACTONE 100 mg COMPRIMIDOS RECUBIERTOS CON PELICULA
controlar crisis,LEVETIRACETAM NORMON 500 mg COMPRIMIDOS RECUBIERTOS CON PELICULA EFG,HERCEPTIN 150 mg POLVO PARA CONCENTRADO PARA SOLUCION PARA PERFUSION
controlar crisis,LAMICTAL 100 mg COMPRIMIDOS MASTICABLES/DISPERSABLES,DOXAZOSINA NEO STADA 8 mg COMPRIMIDOS DE LIBERACION PROLONGADA EFG
controlar crisis,LABILENO 100 mg COMPRIMIDOS MASTICABLES/DISPERSABLES,VORICONAZOL NORMON 200 MG COMPRIMIDOS RECUBIERTOS CON PELICULA EFG
ataques epilépticos,LAMOTRIGINA NORMON 50 mg COMPRIMIDOS DISPERSABLES/MASTICABLES EFG,OXICODONA/NALOXONA CINFA 20 MG/10 MG COMPRIMIDOS DE LIBERACION PROLONGADA EFG
ataques epilépticos,LABILENO 100 mg COMPRIMIDOS MASTICABLES/DISPERSABLES,SERACTIL 400 mg COMPRIMIDOS RECUBIERTOS CON PELICULA
ataques epilépticos,LAMOTRIGINA STADA 25 mg COMPRIMIDOS DISPERSABLES EFG,ERLEADA 60 MG COMPRIMIDOS RECUBIERTOS CON PELICULA
ataques epilépticos,LEVETIRACETAM NORMON 1000 mg COMPRIMIDOS RECUBIERTOS CON PELICULA EFG,INVEGA 3 mg COMPRIMIDOS DE LIBERACION PROLONGADA
ataques epilépticos,LEVETIRACETAM SANDOZ 250 mg COMPRIMIDOS RECUBIERTOS CON PELICULA EFG,LABILENO 25 mg COMPRIMIDOS MASTICABLES/DISPERSABLES
tengo una infección,ZITROMAX 500 mg COMPRIMIDOS RECUBIERTOS CON PELICULA,"VAQTA 25 UNIDADES/0,5ml SUSPENSION INYECTABLE EN JERINGA PRECARGADA"
tengo una infección,AUGMENTINE 2.000 mg/200 mg POLVO PARA SOLUCION PARA PERFUSION,VILDAGLIPTINA TECNIGEN 50 MG CAPSULAS DURAS EFG
tengo una infección,DALACIN 20 mg/g CREMA VAGINAL,FENTANILO MATRIX SANDOZ 75 microgramos/HORA PARCHES TRANSDERMICOS EFG
tengo una infección,AMOXICILINA NORMON 500 MG COMPRIMIDOS EFG,SIMVASTATINA CINFA 40 mg COMPRIMIDOS RECUBIERTOS CON PELICULA EFG
tengo una infección,AMOXICILINA/ACIDO CLAVULANICO SANDOZ 500 mg/50 mg POLVO PARA SOLUCION INYECTABLE Y PARA PERFUSION EFG,FLUIMUCIL 40mg/ml SOLUCION ORAL
necesito un antibiótico,AMOXICILINA/ACIDO CLAVULANICO SANDOZ 500 mg/50 mg POLVO PARA SOLUCION INYECTABLE Y PARA PERFUSION EFG,METOTREXATO WYETH 25 MG/ML SOLUCIÓN INYECTABLE
necesito un antibiótico,CLINDAMICINA NORMON 300 mg/2 ml SOLUCION INYECTABLE EFG,PREVYMIS 480 MG COMPRIMIDOS RECUBIERTOS CON PELICULA
necesito un antibiótico,AMOXICILINA NORMON 250 MG POLVO PARA SUSPENSIÓN ORAL EN SOBRE EFG,ALERCINA 10 mg COMPRIMIDOS
necesito un antibiótico,AMOXICILINA NORMON 500 MG COMPRIMIDOS EFG,"RILAST 160 MICROGRAMOS/4,5 MICROGRAMOS/INHALACION SUSPENSION PARA INHALACION EN ENVASE A PRESION"
necesito un antibiótico,AMOXICILINA/ACIDO CLAVULANICO TECNIGEN 875 MG/125 MG COMPRIMIDOS RECUBIERTOS CON PELICULA EFG,NOREBOX 4 mg COMPRIMIDOS
me duele por infección,CLINDAMICINA NORMON 300 mg/2 ml SOLUCION INYECTABLE EFG,CINFATOS EXPECTORANTE 10 mg + 100 mg solución oral en sobres
me duele por infección,AMOXICILINA NORMON 500 MG COMPRIMIDOS EFG,FIRMAGON 80 mg POLVO Y DISOLVENTE PARA SOLUCION INYECTABLE
me duele por infección,DALACIN 20 mg/g CREMA VAGINAL,LACIPIL 4 mg COMPRIMIDOS RECUBIERTOS CON PELICULA
me duele por infección,AZITROMICINA VIATRIS 200 MG/5 ML POLVO PARA SUSPENSION ORAL EFG,IBIS 10 MG COMPRIMIDOS BUCODISPERSABLES
me duele por infección,ZITROMAX 500 mg COMPRIMIDOS RECUBIERTOS CON PELICULA,AMLODIPINO/VALSARTAN/HIDROCLOROTIAZIDA NORMON 10 MG/160 MG/25 MG COMPRIMIDOS RECUBIERTOS CON PELICULA EFG
inflamación con fiebre,AMOXICILINA NORMON 1000 MG POLVO PARA SUSPENSIÓN ORAL EN SOBRES EFG,GOBEMICINA 500 mg INYECTABLE
inflamación con fiebre,"AMOXICILINA/ACIDO CLAVULANICO VIATRIS 250 MG/5ML + 62,5 MG/5 ML POLVO PARA SUSPENSION ORAL EFG",GABAPENTINA CINFA 800 MG COMPRIMIDOS RECUBIERTOS CON PELICULA EFG
inflamación con fiebre,CLINDAMICINA NORMON 300 mg/2 ml SOLUCION INYECTABLE EFG,LOSARTAN CINFA 100 mg COMPRIMIDOS RECUBIERTOS CON PELICULA EFG
inflamación con fiebre,ZITROMAX 500 mg COMPRIMIDOS RECUBIERTOS CON PELICULA,DULOXETINA CINFAMED 90 MG CAPSULAS DURAS GASTRORRESISTENTES
inflamación con fiebre,AMOXICILINA/ACIDO CLAVULANICO NORMON 2000 mg/200 mg POLVO PARA SOLUCION PARA PERFUSION EFG,BISOPROLOL NORMON 10 mg COMPRIMIDOS RECUBIERTOS CON PELICULA EFG
